<?xml version="1.0" encoding="UTF-8"?>
<domain:posConfig xmlns:domain="urn:vfi-sapphire:np.domain.2001-07-01"><site>AB123</site><categories><category sysid="9995" name="TEST MDSE"/><category sysid="9999" name="FUEL DEPOSIT"/></categories><prodCodes><prodCode sysid="1" name="UNLEAD REGULAR" isNotSold="0" isFuel="1"/><prodCode sysid="2" name="UNLEAD PLUS" isNotSold="0" isFuel="1"/><prodCode sysid="3" name="UNLEAD SUPER" isNotSold="0" isFuel="1"/><prodCode sysid="4" name="UNLEAD 4" isNotSold="0" isFuel="1"/><prodCode sysid="5" name="UNLEAD 5" isNotSold="0" isFuel="1"/><prodCode sysid="6" name="UNEADL METH 5.7" isNotSold="0" isFuel="1"/><prodCode sysid="7" name="UNL PLUS METH 5.7" isNotSold="0" isFuel="1"/><prodCode sysid="8" name="SUPER UNL METH 5.7" isNotSold="0" isFuel="1"/><prodCode sysid="9" name="UNL METH 7.7" isNotSold="0" isFuel="1"/><prodCode sysid="10" name="UNL PLUS METH 7.7" isNotSold="0" isFuel="1"/><prodCode sysid="11" name="UNL ETH 5.7 BLD" isNotSold="0" isFuel="1"/><prodCode sysid="12" name="UNL PLUS ETH 5.7" isNotSold="0" isFuel="1"/><prodCode sysid="13" name="SUPER UNL ETH 5.7" isNotSold="0" isFuel="1"/><prodCode sysid="14" name="UNL ETH 7.7" isNotSold="0" isFuel="1"/><prodCode sysid="15" name="UNL PLUS ETH 7.7" isNotSold="0" isFuel="1"/><prodCode sysid="16" name="METH / LEADED" isNotSold="0" isFuel="1"/><prodCode sysid="17" name="ETHANOL / LEADED" isNotSold="0" isFuel="1"/><prodCode sysid="18" name="LEADED" isNotSold="0" isFuel="1"/><prodCode sysid="19" name="REGULAR DSL #2" isNotSold="0" isFuel="1"/><prodCode sysid="20" name="PRE DSL #2" isNotSold="0" isFuel="1"/><prodCode sysid="21" name="DIESEL #1" isNotSold="0" isFuel="1"/><prodCode sysid="22" name="CNG" isNotSold="0" isFuel="1"/><prodCode sysid="23" name="LPG" isNotSold="0" isFuel="1"/><prodCode sysid="24" name="LNG" isNotSold="0" isFuel="1"/><prodCode sysid="25" name="M-85" isNotSold="0" isFuel="1"/><prodCode sysid="26" name="E-85" isNotSold="0" isFuel="1"/><prodCode sysid="27" name="UNL REFORM 1" isNotSold="0" isFuel="1"/><prodCode sysid="28" name="UNL REFORM 2" isNotSold="0" isFuel="1"/><prodCode sysid="29" name="UNL REFORM 3" isNotSold="0" isFuel="1"/><prodCode sysid="30" name="UNL REFORM 4" isNotSold="0" isFuel="1"/><prodCode sysid="31" name="UNL REFORM 5" isNotSold="0" isFuel="1"/><prodCode sysid="32" name="DSL OFF #1 #2 NT" isNotSold="0" isFuel="1"/><prodCode sysid="33" name="ULT LS DSL OFF NT" isNotSold="0" isFuel="1"/><prodCode sysid="34" name="BIOD OFF NT" isNotSold="0" isFuel="1"/><prodCode sysid="35" name="ULT LS BIOD OFF NT" isNotSold="0" isFuel="1"/><prodCode sysid="36" name="RACING FUEL" isNotSold="0" isFuel="1"/><prodCode sysid="37" name="SUPER UNL METH 7.7" isNotSold="0" isFuel="1"/><prodCode sysid="38" name="UNL METH 10" isNotSold="0" isFuel="1"/><prodCode sysid="39" name="UNL PLUS METH 10" isNotSold="0" isFuel="1"/><prodCode sysid="40" name="SUPER UNL METH 10" isNotSold="0" isFuel="1"/><prodCode sysid="41" name="SUPER UNL ETH 7.7" isNotSold="0" isFuel="1"/><prodCode sysid="42" name="UNL ETH 10" isNotSold="0" isFuel="1"/><prodCode sysid="43" name="UNL PLUS ETH 10" isNotSold="0" isFuel="1"/><prodCode sysid="44" name="SUPER UNL ETH 10" isNotSold="0" isFuel="1"/><prodCode sysid="45" name="B2 DSL 2 BIOD" isNotSold="0" isFuel="1"/><prodCode sysid="46" name="B5 DSL 5 BIOD" isNotSold="0" isFuel="1"/><prodCode sysid="47" name="B10 DSL 10 BIOD" isNotSold="0" isFuel="1"/><prodCode sysid="48" name="B1 1 DSL 11 BIOD" isNotSold="0" isFuel="1"/><prodCode sysid="49" name="B15 DSL 15 BIOD" isNotSold="0" isFuel="1"/><prodCode sysid="50" name="B20 DSL 20 BIOD" isNotSold="0" isFuel="1"/><prodCode sysid="51" name="B100 DSL 100 BIOD" isNotSold="0" isFuel="1"/><prodCode sysid="52" name="ULT LS #1" isNotSold="0" isFuel="1"/><prodCode sysid="53" name="ULT LS #2" isNotSold="0" isFuel="1"/><prodCode sysid="54" name="ULT LS PRE DSL #2" isNotSold="0" isFuel="1"/><prodCode sysid="55" name="ULT LS BIOD 2" isNotSold="0" isFuel="1"/><prodCode sysid="56" name="ULT LS BIOD 5" isNotSold="0" isFuel="1"/><prodCode sysid="57" name="ULT LS BIOD 10" isNotSold="0" isFuel="1"/><prodCode sysid="58" name="ULT LS BIOD 11" isNotSold="0" isFuel="1"/><prodCode sysid="59" name="ULT LS BIOD 15" isNotSold="0" isFuel="1"/><prodCode sysid="60" name="ULT LS BIOD 20" isNotSold="0" isFuel="1"/><prodCode sysid="61" name="ULT LS BIOD 100" isNotSold="0" isFuel="1"/><prodCode sysid="62" name="NOT USED" isNotSold="1" isFuel="0"/><prodCode sysid="63" name="NOT USED" isNotSold="1" isFuel="0"/><prodCode sysid="64" name="NOT USED" isNotSold="1" isFuel="0"/><prodCode sysid="65" name="NOT USED" isNotSold="1" isFuel="0"/><prodCode sysid="66" name="NOT USED" isNotSold="1" isFuel="0"/><prodCode sysid="67" name="NOT USED" isNotSold="1" isFuel="0"/><prodCode sysid="68" name="NOT USED" isNotSold="1" isFuel="0"/><prodCode sysid="69" name="NOT USED" isNotSold="1" isFuel="0"/><prodCode sysid="70" name="NOT USED" isNotSold="1" isFuel="0"/><prodCode sysid="71" name="PROPRIETARY 1" isNotSold="0" isFuel="1"/><prodCode sysid="72" name="PROPRIETARY 2" isNotSold="0" isFuel="1"/><prodCode sysid="73" name="PROPRIETARY 3" isNotSold="0" isFuel="1"/><prodCode sysid="74" name="PROPRIETARY 4" isNotSold="0" isFuel="1"/><prodCode sysid="75" name="PROPRIETARY 5" isNotSold="0" isFuel="1"/><prodCode sysid="76" name="PROPRIETARY 6" isNotSold="0" isFuel="1"/><prodCode sysid="77" name="KEROSENE" isNotSold="0" isFuel="1"/><prodCode sysid="78" name="MISC MDSE" isNotSold="0" isFuel="0"/><prodCode sysid="79" name="B &amp; A" isNotSold="0" isFuel="0"/><prodCode sysid="80" name="LABOR" isNotSold="0" isFuel="0"/><prodCode sysid="81" name="TIRES" isNotSold="0" isFuel="0"/><prodCode sysid="82" name="OIL" isNotSold="0" isFuel="0"/><prodCode sysid="83" name="LUBE" isNotSold="0" isFuel="0"/><prodCode sysid="84" name="CAR WASH" isNotSold="0" isFuel="0"/><prodCode sysid="85" name="TOWING" isNotSold="0" isFuel="0"/><prodCode sysid="86" name="REPAIRS" isNotSold="0" isFuel="0"/><prodCode sysid="87" name="PARTS" isNotSold="0" isFuel="0"/><prodCode sysid="88" name="AUTO MDSE" isNotSold="0" isFuel="0"/><prodCode sysid="89" name="TOBACCO" isNotSold="0" isFuel="0"/><prodCode sysid="90" name="ALCOHOL BVG" isNotSold="0" isFuel="0"/><prodCode sysid="91" name="CASH CARD" isNotSold="0" isFuel="0"/><prodCode sysid="92" name="FUEL TX EXEMPT" isNotSold="0" isFuel="1"/><prodCode sysid="93" name="FUEL ADD/TREAT" isNotSold="0" isFuel="1"/><prodCode sysid="94" name="ULT LS KERO" isNotSold="0" isFuel="1"/><prodCode sysid="95" name="ULT LS KERO NT" isNotSold="0" isFuel="1"/><prodCode sysid="96" name="NOT USED" isNotSold="1" isFuel="0"/><prodCode sysid="97" name="NOT USED" isNotSold="1" isFuel="0"/><prodCode sysid="98" name="NOT USED" isNotSold="1" isFuel="0"/><prodCode sysid="99" name="MISC FUEL" isNotSold="0" isFuel="1"/><prodCode sysid="100" name="TAX" isNotSold="1" isFuel="0"/><prodCode sysid="101" name="FUEL ADJ POS" isNotSold="1" isFuel="0"/><prodCode sysid="102" name="FUEL ADJ NEG" isNotSold="1" isFuel="0"/><prodCode sysid="103" name="LOYALTY DISCOUNT" isNotSold="1" isFuel="0"/><prodCode sysid="104" name="CREDIT/REWARDS DISC" isNotSold="1" isFuel="0"/><prodCode sysid="105" name="CARWASH DISC" isNotSold="1" isFuel="0"/><prodCode sysid="106" name="OTHER DISOUNT" isNotSold="1" isFuel="0"/><prodCode sysid="107" name="COUPON" isNotSold="1" isFuel="0"/><prodCode sysid="108" name="COUPON ITEM" isNotSold="1" isFuel="0"/><prodCode sysid="109" name="LOTTERY PAYOUT" isNotSold="1" isFuel="0"/></prodCodes><departments><department sysid="1" name="GROCERY" minAmt="0.00" maxAmt="0.00" isAllowFS="1" isNegative="0" isFuel="0" isAllowFQ="0" isAllowSD="0" isBL1="0" isBL2="0" isMoneyOrder="0"><category sysid="0"/><prodCode sysid="78"/><fee sysid="0"/><taxes><tax sysid="1"/></taxes><ageValidns/></department><department sysid="2" name="FOUNTAIN" minAmt="0.00" maxAmt="0.00" isAllowFS="1" isNegative="0" isFuel="0" isAllowFQ="0" isAllowSD="0" isBL1="0" isBL2="0" isMoneyOrder="0"><category sysid="0"/><prodCode sysid="78"/><fee sysid="0"/><taxes><tax sysid="1"/></taxes><ageValidns/></department><department sysid="3" name="SODA" minAmt="0.00" maxAmt="0.00" isAllowFS="1" isNegative="0" isFuel="0" isAllowFQ="0" isAllowSD="0" isBL1="0" isBL2="0" isMoneyOrder="0"><category sysid="0"/><prodCode sysid="78"/><fee sysid="0"/><taxes><tax sysid="1"/></taxes><ageValidns/></department><department sysid="4" name="MEDICINE" minAmt="0.00" maxAmt="0.00" isAllowFS="0" isNegative="0" isFuel="0" isAllowFQ="0" isAllowSD="0" isBL1="0" isBL2="0" isMoneyOrder="0"><category sysid="0"/><prodCode sysid="7"/><fee sysid="0"/><taxes/><ageValidns/></department><department sysid="5" name="H&amp;B" minAmt="0.00" maxAmt="0.00" isAllowFS="0" isNegative="0" isFuel="0" isAllowFQ="0" isAllowSD="0" isBL1="0" isBL2="0" isMoneyOrder="0"><category sysid="0"/><prodCode sysid="7"/><fee sysid="0"/><taxes><tax sysid="1"/></taxes><ageValidns/></department><department sysid="6" name="CIGS" minAmt="0.00" maxAmt="0.00" isAllowFS="0" isNegative="0" isFuel="0" isAllowFQ="0" isAllowSD="0" isBL1="0" isBL2="0" isMoneyOrder="0"><category sysid="0"/><prodCode sysid="7"/><fee sysid="0"/><taxes><tax sysid="1"/></taxes><ageValidns><ageValidn sysid="2"/></ageValidns></department><department sysid="7" name="CIG CARTON" minAmt="0.00" maxAmt="0.00" isAllowFS="0" isNegative="0" isFuel="0" isAllowFQ="0" isAllowSD="0" isBL1="0" isBL2="0" isMoneyOrder="0"><category sysid="0"/><prodCode sysid="7"/><fee sysid="0"/><taxes><tax sysid="1"/></taxes><ageValidns><ageValidn sysid="2"/></ageValidns></department><department sysid="8" name="LOTTERY" minAmt="0.00" maxAmt="0.00" isAllowFS="0" isNegative="0" isFuel="0" isAllowFQ="0" isAllowSD="0" isBL1="0" isBL2="0" isMoneyOrder="0"><category sysid="0"/><prodCode sysid="52"/><fee sysid="0"/><taxes/><ageValidns/></department><department sysid="9" name="PHONE CARD" minAmt="0.00" maxAmt="0.00" isAllowFS="0" isNegative="0" isFuel="0" isAllowFQ="0" isAllowSD="0" isBL1="0" isBL2="0" isMoneyOrder="0"><category sysid="0"/><prodCode sysid="7"/><fee sysid="0"/><taxes><tax sysid="1"/></taxes><ageValidns/></department><department sysid="10" name="MISC" minAmt="0.00" maxAmt="0.00" isAllowFS="0" isNegative="0" isFuel="0" isAllowFQ="0" isAllowSD="0" isBL1="0" isBL2="0" isMoneyOrder="0"><category sysid="0"/><prodCode sysid="7"/><fee sysid="0"/><taxes><tax sysid="1"/></taxes><ageValidns/></department><department sysid="11" name="BEER" minAmt="0.00" maxAmt="0.00" isAllowFS="0" isNegative="0" isFuel="0" isAllowFQ="0" isAllowSD="0" isBL1="0" isBL2="0" isMoneyOrder="0"><category sysid="0"/><prodCode sysid="46"/><fee sysid="0"/><taxes><tax sysid="1"/></taxes><ageValidns><ageValidn sysid="1"/></ageValidns></department><department sysid="12" name="ONLINE PO" minAmt="0.00" maxAmt="0.00" isAllowFS="0" isNegative="1" isFuel="0" isAllowFQ="0" isAllowSD="0" isBL1="0" isBL2="0" isMoneyOrder="0"><category sysid="0"/><prodCode sysid="7"/><fee sysid="0"/><taxes/><ageValidns/></department><department sysid="13" name="SCRATCH PO" minAmt="0.00" maxAmt="0.00" isAllowFS="0" isNegative="1" isFuel="0" isAllowFQ="0" isAllowSD="0" isBL1="0" isBL2="0" isMoneyOrder="0"><category sysid="0"/><prodCode sysid="7"/><fee sysid="0"/><taxes/><ageValidns/></department><department sysid="15" name="SCRATCH" minAmt="0.00" maxAmt="0.00" isAllowFS="0" isNegative="0" isFuel="0" isAllowFQ="0" isAllowSD="0" isBL1="0" isBL2="0" isMoneyOrder="0"><category sysid="0"/><prodCode sysid="52"/><fee sysid="0"/><taxes/><ageValidns/></department><department sysid="20" name="TOBBACO" minAmt="0.00" maxAmt="0.00" isAllowFS="0" isNegative="0" isFuel="0" isAllowFQ="0" isAllowSD="0" isBL1="0" isBL2="0" isMoneyOrder="0"><category sysid="0"/><prodCode sysid="7"/><fee sysid="0"/><taxes><tax sysid="1"/></taxes><ageValidns><ageValidn sysid="2"/></ageValidns></department><department sysid="9995" name="TEST A DEPT" minAmt="0.00" maxAmt="0.00" isAllowFS="0" isNegative="0" isFuel="0" isAllowFQ="0" isAllowSD="0" isBL1="0" isBL2="0" isMoneyOrder="0"><category sysid="9995"/><prodCode sysid="7"/><fee sysid="0"/><taxes><tax sysid="1"/></taxes><ageValidns/></department><department sysid="9996" name="TEST B DEPT" minAmt="0.00" maxAmt="0.00" isAllowFS="0" isNegative="0" isFuel="0" isAllowFQ="0" isAllowSD="0" isBL1="0" isBL2="0" isMoneyOrder="0"><category sysid="9995"/><prodCode sysid="7"/><fee sysid="0"/><taxes><tax sysid="1"/></taxes><ageValidns/></department><department sysid="9997" name="TEST C DEPT" minAmt="0.00" maxAmt="0.00" isAllowFS="0" isNegative="0" isFuel="0" isAllowFQ="0" isAllowSD="0" isBL1="0" isBL2="0" isMoneyOrder="0"><category sysid="9995"/><prodCode sysid="7"/><fee sysid="0"/><taxes><tax sysid="1"/></taxes><ageValidns/></department><department sysid="9998" name="MANUAL FUEL DEPT" minAmt="0.00" maxAmt="0.00" isAllowFS="0" isNegative="0" isFuel="1" isAllowFQ="0" isAllowSD="0" isBL1="0" isBL2="0" isMoneyOrder="0"><category sysid="9999"/><prodCode sysid="4"/><fee sysid="0"/><taxes/><ageValidns/></department></departments></domain:posConfig>
